{
  "manifest.json": 1716716608266,
  "i18n/i18n.properties": 1716669288802,
  "controller/employeeApp.controller.js": 1716675376198,
  "controller/App.controller.js": 1716669288810,
  "model/models.js": 1716669288806,
  "Component.js": 1716669288798,
  "Component-dbg.js": 1716669288798,
  "Component.js.map": 1716716608492,
  "controller/App-dbg.controller.js": 1716669288810,
  "controller/App.controller.js.map": 1716716608491,
  "model/models-dbg.js": 1716669288806,
  "model/models.js.map": 1716716608490,
  "controller/employeeApp-dbg.controller.js": 1716675376198,
  "controller/employeeApp.controller.js.map": 1716716608500,
  "Component-preload.js": 1716716608738,
  "Component-preload.js.map": 1716716608738,
  "view/employeeApp.view.xml": 1716675816423,
  "view/App.view.xml": 1716669288814,
  "css/style.css": 1716669288810,
  "fragments/AddEmployee.fragment.xml": 1716674705140,
  "index.html": 1716669288798
}