{
  "Component.js.map": 1716841343062,
  "controller/employeeApp.controller.js": 1716675376198,
  "model/models.js": 1716669288806,
  "controller/App.controller.js": 1716669288810,
  "manifest.json": 1716841342725,
  "Component.js": 1716669288798,
  "model/models-dbg.js": 1716669288806,
  "model/models.js.map": 1716841343059,
  "controller/employeeApp-dbg.controller.js": 1716675376198,
  "controller/employeeApp.controller.js.map": 1716841343090,
  "controller/App-dbg.controller.js": 1716669288810,
  "controller/App.controller.js.map": 1716841343054,
  "Component-dbg.js": 1716669288798,
  "i18n/i18n.properties": 1716840736603,
  "Component-preload.js": 1716841343461,
  "Component-preload.js.map": 1716841343461,
  "view/employeeApp.view.xml": 1716675816423,
  "view/App.view.xml": 1716669288814,
  "fragments/AddEmployee.fragment.xml": 1716674705140,
  "css/style.css": 1716669288810,
  "index.html": 1716669288798
}